{
  "A": 0.02675778672878712,
  "B": 21.566210451264226,
  "r_squared": 0.005607449470385051,
  "rmse": 10.67441150174698,
  "sample_count": 20,
  "rms_min": 20.801265362776387,
  "rms_max": 127.55494683786246,
  "intensity_min": 0.08140244396325956,
  "intensity_max": 44.289386705839156,
  "timestamp": "2026-03-09T14:42:27.566124"
}