{
  "A": 0.15806186824377325,
  "B": 24.89625393070189,
  "r_squared": 0.2705502686989498,
  "rmse": 6.2590953666587845,
  "sample_count": 46,
  "rms_min": 22.531459488161584,
  "rms_max": 178.3633931051997,
  "intensity_min": 0.1988681336077252,
  "intensity_max": 47.36842105263158,
  "timestamp": "2026-03-09T14:04:47.883630"
}